id,title,link,imageLink,price,description,salePrice,brand,unit
18745432002,KTM Team T-paita,https://tarvike.com/product/team-tee-xxl-16689,https://media.tarvike.com/product/images/16689/original/16021.jpg,36.0,"Tyylikäs KTM Racing Team- t-paita. Materiaali 85% polyesteriä, 15% puuvillaa.",25.0,KTM,
16968936001,GRIP ZIP HOODIE,https://tarvike.com/product/grip-zip-hoodie-l-15667,https://media.tarvike.com/product/images/15667/original/16352.jpg,87.5,"Tyylikäs harmaa KTM miesten huppari, jossa selässä painettu 3D-logo. Materiaali 70% puuvillaa, 30 % polyesteriä.",61.0,KTM,
2399445000,Scott Voltage MX Works clear thermal afc varalinssi,https://tarvike.com/product/scott-voltage-mx-works-clear-thermal-afc-varalinssi-133917,https://media.tarvike.com/product/images/133917/original/171815.jpg,28.4,,16.9,Scott,
2742342002,Leatt Impact Shortsit 3DF 4.0,https://tarvike.com/product/leatt-impact-shorts-3df-40-xl-23815,https://media.tarvike.com/product/images/23815/original/102500.jpg,139.0,Leatt Impact 3DF 4.0 suojahousut suojaavat lantiota ja reisiä. Compression MoistureCool -materiaali flatlock-ompeleilla ja verkkokankaalla takaavat mukavan istuvuuden ja tarjoavat ensiluokkaista suojaa.,111.0,Leatt,
23644783000,Leatt Nenäsuoja Velocity 4.5/5.5/6.5,https://tarvike.com/product/leatt-nenasuoja-velocity-455565-167283,https://media.tarvike.com/product/images/167283/original/195240.png,13.0,"Vaihtonenasuoja Leatt 6.5, 5.5 ja 4.5 -suojalaseihin.",10.0,Leatt,
19177061002,"Leatt Cross Strap DBX/GPX/SNX., pari",https://tarvike.com/product/leatt-cross-strap-dbxgpxsnx-pari-95849,https://media.tarvike.com/product/images/95849/original/102461.jpg,24.0,Kiinnityshihnat Leatt-niskatukiin. Sopii kaikkiin DBX/GPX/SNX-malleihin.,16.0,Leatt,
5625001,KTM ADV S GORE-TEX® Housut,https://tarvike.com/product/adv-s-gore-tex-pants-l-37446,https://media.tarvike.com/product/images/37446/original/179505.webp,473.1,"KTM ADV S Gore‑Tex® -ajohousut tarjoavat huippuluokan touring-sääsuojauksen Gore‑Tex 3‑LTD-vuorella (28 000 mm vesipilari) yhdistetyllä hengittävällä mesh-vuorella ja kestäviksi suunnitellulla polyesteri–polyamidiseoksella, tehden niistä luotettavan valinnan kaikkiin olosuhteisiin.",331.0,KTM,
28309832001,Leatt Knee Brace C-Frame Pro Carbon,https://tarvike.com/product/leatt-knee-brace-c-frame-pro-carbon-sm-pair-23650,https://media.tarvike.com/product/images/23650/original/102468.jpg,699.0,"Leatt C-Frame Pro Polvisuoja on erittäin jäykkä ja yksisaranainen. Polvisuojassa on kolmen pisteen voima, joka vähentää meniskin ja nivelsiteiden vammoja. Vähentää iskuja, jotka aiheuttavat polvivammojen: ACL, Meniscus ja MCL Sertifioitu: - EU CA014741 - USA FDA 10048761 CE-testattu ja sertifioitu iskusuojaksi: - Polvi EN1621-1 Suunnitellut, laboratoriotestatut sisäänrakennetut murtumakohdat C-Frame-runko rikkoutuu ennen loukkaantumista: The shin bone (Tibia) or the thigh bone (Femur) Mukava, matalaprofiilinen säärilevy, joka sopii kaikkiin saappaisiin Mukana tukisukat",489.0,Leatt,
2742382002,Leatt Kidney Belt 3DF 3.5,https://tarvike.com/product/leatt-kidney-belt-3df-35-sm-23751,https://media.tarvike.com/product/images/23751/original/102474.jpg,100.0,"Leatt 3DF 3.5 on erittäin leveä ja mukava tukivyö. 3DF AirFit hengittävä pehmeä iskuvaahto CE-testattu ja sertifioitu iskunsuojaksi: EN1621-2, taso 1 Elastinen kiinnitys maksimaalisen tuen saamiseksi Termovaahdotetut 3D-ilmakanavat maksimaaliseen ilmanvaihtoon",79.99,Leatt,
5733991002,KTM Terra Adventure V3 Takki,https://tarvike.com/product/terra-adventure-v3-jacket-blkgreen-l-38325,https://media.tarvike.com/product/images/38325/original/181630.png,514.3,Ensiluokkainen Adventuretakki kaikkiin sääolosuhteisiin.,411.0,KTM,
17723105001,KTM Two 4 Ride V3 Softshell-takki,https://tarvike.com/product/two-4-ride-v3-jacket-blkgrey-l-58797,https://media.tarvike.com/product/images/58797/original/207114.png,195.5,"Vettähylkivä softshell-ajotakki suojilla, takki on kokonaan verkkovuorattu. Korkea kaulus ja integroitu huppu. Vyötäröllä kiristysnyöri. Tarranauhakiinnitys hihansuiden leveyden säätöön sekä useita ulko- ja sisätaskuja. 100 % polyesteriä.",156.0,KTM,
9731391000,KTM Pure ajohousut,https://tarvike.com/product/pure-pants-m32-37886,https://media.tarvike.com/product/images/37886/original/180151.webp,144.0,"KTM Pure ajohousut ovat kevyet, joustavat ja mukavat housut aktiiviseen ajoon. Kulutusta kestävät aramidivahvikkeet lisäävät suojaa, ja elastinen nailonmateriaali takaa erinomaisen liikkuvuuden. Useat käytännölliset ulkotaskut ja vyölenkit lisäävät toiminnallisuutta. Täydellinen valinta niin katu- kuin kevyeen offroad-käyttöön.",100.0,KTM,
8543321001,KTM Racetech WP Ajotakki,https://tarvike.com/product/racetech-jacket-wp-xl-37975,https://media.tarvike.com/product/images/37975/original/180236.jpg,298.3,"KTM Racetech WP Ajotakki on säänkestävä offroad-takki, joka tarjoaa suojaa ja mukavuutta vaativissakin olosuhteissa. Vedenpitävät kalvot, vetoketjut ja teipatut saumat pitävät kosteuden ulkona, samalla kun edessä ja takana olevat ilmanottoaukot huolehtivat tehokkaasta ilmanvaihdosta.",208.0,KTM,
8543315001,KTM Racetech ajohousut,https://tarvike.com/product/racetech-pants-m32-37967,https://media.tarvike.com/product/images/37967/original/180229.png,164.5,"KTM Racetech ajohousut on suunniteltu kovaan offroad-käyttöön vaativissa olosuhteissa. Lämpöä ja kulutusta kestävät nahkavahvikkeet polvissa, esitaivutettu rakenne ja joustavat paneelit takaavat erinomaisen istuvuuden ja liikkumavapauden. Rei'itetyt tuuletusalueet parantavat hengittävyyttä, ja säädettävä vyötärö varmistaa hyvän istuvuuden. Täydellinen valinta kilpailuun tai intensiiviseen ajoon.",115.0,KTM,
6716516002,Shoei NXR2 Kypärät,https://tarvike.com/product/nxr2-black-xl-6315,https://media.tarvike.com/product/images/6315/original/143783.jpg,479.0,"Shoei NXR2 on laadukas moottoripyöräkypärä, jonka kehittynyt aerodynamiikka ja melutasoja pienentävä teknologia tekevät siitä loistavan valinnan kaikkiin ajo-olosuhteisiin. Kypärässä on CWR-F2 visiiri, jossa on kaksiulottoinen muotoilu, joka mahdollistaa parhaan mahdollisen ajokokemuksen.",429.0,Shoei,
2742355002,Leatt Body Protector 6.5 Graphene,https://tarvike.com/product/leatt-body-protector-65-s-160-166cm-graphene-23376,https://media.tarvike.com/product/images/23376/original/102554.jpg,450.0,"Leatt 6.5 Pro Suojapaidassa on vetoketjullinen aluspaita, jossa on sisäänrakennettu olka- ja kyynärpääsuojat sekä korkeussäädettävä munuaisvyö. Lisäksi paidassa on CE-hyväksytty Level 2 rinta- ja selkäsuoja sekä sivusuojat. Erinomaisten suojien lisäksi paita on erittäin mukava päällä sekä hengittävä. Leatt 6.5 Pro suojapaita on erinomainen sinulle, joka hakee vain parasta!",337.01,Leatt,
2742349002,Leatt Housut Moto 4.5 HydraDri,https://tarvike.com/product/leatt-pant-moto-45-hydradri-mus32eu50-blk-23159,https://media.tarvike.com/product/images/23159/original/102726.jpg,302.5,"Leatt Moto 4.5 Endurohousut HydraDri on täysin uusi housu vuodelle 2023! Housut ovat vedenpitävät sekä hengittävät, kuitenkaan unohtamatta niiden keveyttä ja mukavuutta. Housuissa on joustava materiaali sekä Leattin oma 3-kerroksinen, vedenpitävä ja hengittävä kalvo. Kalvon vedenpitävyys ja hengittävyys on 20.000mm/20.000g/m², joten housuja voi käyttää huoletta vesisateella pitäen veden ja kosteuden loitolla. 3 säilytystaskua 2 vetoketjullista tuuletustasku Vahvistukset polven kohdalla HydraDri EVO -kalvo 20.000mm/20.000g/m² Vedenpitävä/hengittävä Ripstop stretch paneelit Monikerroksinen sisäpolvivahvike nahalla pyörän pitoa varten, taustalla vedenpitävä kalvo. Valmistettu monirivisillä vahvistetuilla ompeleilla Säädettävä vyötärö Laadukkaat YKK Japan vedenpitävät vetoketjut",242.0,Leatt,
23644815000,Leatt Suojapaita 3.5,https://tarvike.com/product/leatt-body-protector-35-xl-178--41213,https://media.tarvike.com/product/images/41213/original/195194.jpg,289.0,"Body Protector 3.5 koostuu kahdesta osasta: vetoketjullisesta kompressiopuvusta, jossa on integroidut olka- ja kyynärpääsuojat, sekä täysikokoisesta kovakuorisesta rinta- ja selkäsuojasta, joka puetaan päälle. Lisämonipuolisuutta tuo irrotettava takalevy, ja BraceOn-järjestelmä mahdollistaa saumattoman yhteensopivuuden niskatuen kanssa.",231.0,Leatt,
19196619000,Leatt Niskatuki 5.5,https://tarvike.com/product/leatt-neck-brace-55-sm-white-23770,https://media.tarvike.com/product/images/23770/original/102454.jpg,480.0,"Leatt 5.5 niskatuki on myydyin niskatuki, koska siinä on sama säädettävyys kuin luokkansa johtavalla 6.5:llä, mutta se on valmistettu vahvistetusta polyamidista. Tuki on suunniteltu vähentämään onnettomuuden aikaisia ​​iskuja ja siirtämään ne tuen kautta vartalon vahvoihin lihaksiin niskan pienten hauraiden luiden sijaan. Jos haluat saman säädettävyyden, mutta erittäin kevyen hiilikuiturungon, katso 6.5",384.0,Leatt,
19177059002,Leatt Z-Frame Polvisuojan solkisarja,https://tarvike.com/product/leatt-z-frame-polvisuojan-solkisarja-95848,https://media.tarvike.com/product/images/95848/original/102475.jpeg,31.0,,24.0,Leatt,
18740884002,Leatt Chest Protector AirFlex,https://tarvike.com/product/leatt-chest-protector-airflex-xxl-23370,https://media.tarvike.com/product/images/23370/original/102696.jpg,208.5,"AirFlex Chest Protector, kevyt, CE-sertifioitu iskusuoja, jossa on pehmustettu sivusuoja. AirFlex suojaa rintaa sekä selkää, mikä antaa optimaalisen suojan, mukavuuden ja ilmanvaihdon. Pidempi selkä tarjoaa suojan aina alas asti. Voidaan käyttää Leatt Neck Brace -tuen kanssa tai ilman. Sen Leatt-suojauspistemäärä on 9/25, seuraava askel suojatasossa olisi 3DF AirFit Body Vest.",166.0,Leatt,
16961292001,Grand Canyon Bikewear Sadehousut,https://tarvike.com/product/grand-canyon-bikewear-sadehousut-tornado-musta-4xl-9254,https://media.tarvike.com/product/images/9254/original/92119.jpg,32.4,100% polyesteriä 100% polyesterinen sisävuori Veden- ja tuulenpitävä Vyötärönauha erittäin vahvasta elastisesta materiaalista Helposti säädettävät housujen lahkeet Heijastavia elementtejä,25.0,Grand Canyon,
16204911001,SHOT Liivi Lite 2.0,https://tarvike.com/product/shot-liivi-lite-20-mustaneon-keltainen-2xl-27679,https://media.tarvike.com/product/images/27679/original/66184.jpg,100.2,Kevyt tuulta ja vettä hylkivä hihaton takki,70.0,SHOT,
16204709001,SHOT Camo Paita,https://tarvike.com/product/shot-paita-camo-oranssi-l-40414,https://media.tarvike.com/product/images/40414/original/192373.png,39.5,,31.0,SHOT,
16203880001,SHOT Camo housut,https://tarvike.com/product/shot-housut-camo-oranssi-30-40397,https://media.tarvike.com/product/images/40397/original/192359.jpg,126.5,,88.0,SHOT,
9890118002,KTM Defender housut,https://tarvike.com/product/defender-pants-xxl38-37400,https://media.tarvike.com/product/images/37400/original/192248.png,257.1,KTM Defender housut ovat aadukkaat premium-maastohousut.,205.0,KTM,
9731424000,KTM Gravity-FX Replica Ajohanskat,https://tarvike.com/product/gravity-fx-replica-gloves-s8-37945,https://media.tarvike.com/product/images/37945/original/180121.png,35.9,"KTM Gravity-FX Replica -ajohanskat tarjoavat erinomaista suojaa ja mukavuutta motocross- ja offroad-ajoon. Ne on valmistettu kestävästä ja hengittävästä materiaalista, jossa on innovatiivinen Nanofront®-kämmenpinta parempaan otteeseen.",28.0,KTM,
9731398000,KTM Morph Sport Ajohanskat,https://tarvike.com/product/morph-sport-gloves-m-37908,https://media.tarvike.com/product/images/37908/original/180168.png,159.4,"KTM Morph Sport Ajohanskat yhdistävät kevyen ja kestävän rakenteen moderniin mukavuuteen. Valmistettu pääosin vuohennahasta, ne tarjoavat erinomaisen tuntuman ja hengittävyyden RIDEKNIT®-paneelien ansiosta. Kovamuoviset rystysuojat ja MorphTech Weave™ -rakenne lisäävät suojaa ja joustavuutta. Tarrakiinnitys ranteessa takaa tarkan istuvuuden. Täydelliset hanskat vaativaan ajoon.",143.0,KTM,
9731396000,KTM Puffitakki,https://tarvike.com/product/puff-jacket-s-37905,https://media.tarvike.com/product/images/37905/original/180165.jpg,102.8,"KTM Puffitakki on lämmin ja kevyt välikerrostakki, joka sopii mainiosti viileisiin olosuhteisiin. Täytteenä on 120 g/m² eristettä, joka pitää sinut lämpimänä ilman ylimääräistä painoa. Takissa on käytännölliset vetoketjulliset sivutaskut, sisätasku sekä joustavat hihansuut. Heijastavat yksityiskohdat parantavat näkyvyyttä pimeässä. Mukava valinta aktiiviseen arkeen ja vapaa-aikaan.",82.0,KTM,
9731381000,KTM Wraap Lasten Kypärä,https://tarvike.com/product/wraaap-kids-helmet-ece-xxs51-52-37864,https://media.tarvike.com/product/images/37864/original/180136.png,205.6,"KTM Wraap Lasten Kypärä on kevyt ja turvallinen maastokypärä nuorille kuskeille. Kestävä termoplastinen rakenne, irrotettava ja pestävä sisävuori sekä tehokas ilmanvaihto takaavat mukavan ajokokemuksen. Säädettävä lippa ja Double D -lukitus lisäävät käytettävyyttä ja turvallisuutta. Täydellinen valinta aloitteleville motocross-kuljettajille!",164.0,KTM,
6359883002,KTM Terra Adventure V3 Housut,https://tarvike.com/product/terra-adventure-v3-pants-blkgreen-l34-38281,https://media.tarvike.com/product/images/38281/original/181696.png,411.5,Ensiluokkaiset Adventurehousut kaikkiin sääolosuhteisiin.,329.0,KTM,
4538000,KTM ADV S Gore-Tex® Takki,https://tarvike.com/product/adv-s-gore-tex-jacket-l-37422,https://media.tarvike.com/product/images/37422/original/179495.webp,565.7,"KTM ADV S Gore‑Tex -takki on ensiluokkainen touring‑ajotakki, joka tarjoaa täydellisen säänkestävyyden Gore‑Tex 3L‑LTD‑kalvon ja 28 000 mm vesipilarin ansiosta sekä erinomaisen ilmanvaihdon käsivarsissa, rinnassa ja selässä.",396.0,KTM,
4317002,KTM APEX V4 K-Hydratech Evo Ajohousut,https://tarvike.com/product/ktm-apex-v4-k-hydratech-evo-ajohousut-mustaoranssi-l-37526,https://media.tarvike.com/product/images/37526/original/179559.webp,308.7,"KTM APEX V4 K‑Hydratech Evo Pants tarjoavat sporttista suorituskykyä ja kestävyyttä kevyen kahden kerroksen rakenteen, vesitiiviiden saumojen ja hengittävien verkotus ominaisuuksien avulla.",246.0,KTM,
4276002,KTM APEX V4 K-Hydratech Evo Takki,https://tarvike.com/product/apex-v4-jacket-l-37506,https://media.tarvike.com/product/images/37506/original/179543.webp,411.5,"KTM APEX V4 K-Hydratech Evo on urheilullinen, kahdella kerroksella varustettu touring-pyöräilytakki, joka yhdistää veden- ja tuulenpitävät saumat, hengittävyyden (10 000 g/m²/24h) sekä Level AA -sertifioidun suojauksen CE-luokitelluilla olka- ja kyynärsuojilla.",329.0,KTM,
3478063002,KTM Speed Tourer Pro K-Hydratech Housut,https://tarvike.com/product/speed-tourer-pro-k-hydratech-pants-xl36-38313,https://media.tarvike.com/product/images/38313/original/181662.png,380.6,"KTM Speed Tourer Pro K-Hydratech -housut tarjoavat erinomaisen yhdistelmän mukavuutta, suojaa ja kestävyyttä.",304.0,KTM,
17723178001,KTM Andes V2 Drystar Ajosaappaat 43,https://tarvike.com/product/ktm-andes-v2-drystar-ajosaappaat-43-208968,https://media.tarvike.com/product/images/208968/original/207123.png,257.2,Vedenpitävät touring-ajosaappaat. Päällismateriaali vahvistettua nahkaa. Kokonainen DRYSTAR®-sisäkalvo. Laajat mikrokuituiset haitarirakenteet edessä ja takana. Koko 43,180.0,KTM,
17723122001,KTM Speed Tourer K-hydratech Pro ajotakki,https://tarvike.com/product/speed-tourer-k-hydratech-pro-jacket-l-58807,https://media.tarvike.com/product/images/58807/original/207119.png,545.2,"Monipuolinen ja korkealaatuinen touring-takki kaikkiin sääolosuhteisiin. Sopii erinomaisesti myös kaupunkiympäristöön. Valmistettu pääosin hankauksen- ja repeämänkestävästä polyesterin ja polyamidin sekoitteesta. Olkapäissä, käsivarsissa ja yläselässä on pehmustettua AX® Grain Tech -vegaaninahkaa.",436.0,KTM,
9731412000,KTM Gravity-FX Ajohanskat,https://tarvike.com/product/gravity-fx-gloves-xl11-37942,https://media.tarvike.com/product/images/37942/original/180124.png,35.9,"KTM Gravity-FX -ajohanskat yhdistävät keveyden ja suorituskyvyn, tarjoten erinomaisen otteen ja hengittävyyden. Nanofront®-materiaalilla varustetut kämmenet parantavat pitoa, ja sormien välissä oleva verkkomateriaali takaa hyvän ilmanvaihdon. Säädettävä TPR-tarrakiinnitys ranteessa takaa mukavan ja turvallisen istuvuuden. Täydelliset hanskat niin motocrossiin kuin offroad-ajoon.",28.0,KTM,
9731403000,KTM Mechanic hanskat,https://tarvike.com/product/mechanic-gloves-xxl12-37914,https://media.tarvike.com/product/images/37914/original/180170.jpg,15.3,"KTM Mechanic hanskat ovat kestävät ja monikäyttöiset hanskat, jotka sopivat niin ajamiseen kuin teknisiin töihin. Valmistettu laadukkaista materiaaleista, ne tarjoavat hyvän suojan ja erinomaisen tuntuman ohjaustangolle. Joustavat paneelit ja tarrakiinnitys ranteessa takaavat mukavan ja napakan istuvuuden. Käytännöllinen valinta aktiiviselle kuskille.",10.0,KTM,
9731376000,KTM Storm Duke Kypärä XL/61-62,https://tarvike.com/product/ktm-storm-duke-kypara-xl61-62-147153,https://media.tarvike.com/product/images/147153/original/180107.png,205.6,"KTM Storm Duke -kypärä on KTM:n ja LS2:n yhteistyönä kehitetty täyskuorinen katuajokypärä, joka yhdistää huippuluokan suojaavat ominaisuudet edullisessa paketissa",164.0,KTM,
5539554002,KTM CR-X Drystar ajokengät,https://tarvike.com/product/cr-x-drystar-shoes-42-58803,https://media.tarvike.com/product/images/58803/original/207116.png,195.5,"Vedenpitävät ja edistykselliset kaupunkiajoon tarkoitetut ajosaappaat. Valmistettu pääosin polyuretaaniseoksesta, kumipohja, jossa on epäsymmetrinen kuviointi. Kengissä on joustourat jalkaterän etuosassa. Varustettu Alpinestars DRYSTAR® -kalvolla, joka takaa erinomaisen hengittävyyden.",156.0,KTM,
4685000,KTM Defender Takki,https://tarvike.com/product/defender-jacket-xxl-37550,https://media.tarvike.com/product/images/37550/original/179577.webp,360.0,"KTM Defender Jacket on premium‑luokan offroad‑takki, joka yhdistää kestävän laminaattirakenteen, tehokkaan ilmankierron edessä ja takana sekä irrotettavat hihat, joiden ansiosta takki mukautuu sääolosuhteisiin. Täydellinen kumppani vaativille maastoajoretkille.",288.0,KTM,
4578587000,Grand Canyon Bikewear Tekstiilihousut Nelson Laminated,https://tarvike.com/product/grand-canyon-bikewear-tekstiilihousut-nelson-laminated-musta-2xl-22383,https://media.tarvike.com/product/images/22383/original/94572.jpeg,211.6,"Grand Canyon Nelson Laminated Tekstiilihousuissa on veden- ja tuulenpitävä hengittävä kalvo. Lisäksi housuissa on irrotettava lämpövuori, joten ne sopivat moneen säähän.",169.0,Grand Canyon,
3408506001,"HJC Visiiri HJ-XS Kirkas, CL-XS",https://tarvike.com/product/hjc-visiiri-hj-xs-kirkas-cl-xs-137618,https://media.tarvike.com/product/images/137618/original/172511.jpg,50.1,"HJC Visiiri HJ-XS Kirkas, CL-XS",29.9,HJC,
24008774001,KTM Terra Adventure V2 Ajotakki,https://tarvike.com/product/ktm-terra-adventure-v2-ajotakki-19355,https://media.tarvike.com/product/images/19355/original/16245.jpg,514.3,KTM Terra on huippuluokan adventure takki kaikille sääolosuhteille.Takissa suuri avattava tuuletusalue rinnassa ja selässä.,360.0,KTM,
2399442000,Scott Lens Voltage MX/X/Proair Works varalinssi yellow,https://tarvike.com/product/scott-lens-voltage-mxxproair-works-varalinssi-yellow-133914,https://media.tarvike.com/product/images/133914/original/171818.jpg,16.2,,9.7,Scott,
18741339002,KTM Sadehousut V2,https://tarvike.com/product/rain-pants-v2-s-11566,https://media.tarvike.com/product/images/11566/original/15800.jpg,66.8,KTM joustavat 2-kerroksiset sadehousut aikuisille!,46.0,KTM,
18341078001,SHOT Roll Lasten Crossihousut,https://tarvike.com/product/shot-housut-lasten-roll-oranssi-45-27810,https://media.tarvike.com/product/images/27810/original/65685.jpg,58.0,SHOT Lasten crossihousut!,40.0,SHOT,
18263937000,KTM Racetech WP Ajohousut,https://tarvike.com/product/racetech-pants-wp-m32-37965,https://media.tarvike.com/product/images/37965/original/180148.jpg,185.1,"KTM Racetech WP Ajohousut on suunniteltu kovaan offroad-käyttöön kaikissa sääolosuhteissa. Vedenpitävä rakenne ja hengittävä materiaali pitävät olosi kuivana ja mukavana. Vahvistetut polvialueet, joustavat paneelit ja säädettävä vyötärö takaavat erinomaisen istuvuuden ja liikkumavapauden. Täydellinen valinta vaativaan ajoon – olitpa sitten radalla tai poluilla.",129.0,KTM,
9225825002,Shoei Neotec II Kypärät,https://tarvike.com/product/neotec-ii-white-xs-4827,https://media.tarvike.com/product/images/4827/original/139877.jpg,626.5,"Shoei Neotec-II on erittäin laadukas avattava moottoripyöräkypärä. Hiljainen Neotec on erinomainen valinta pitkille pyöräreissuille, mutta se toimii loistavasti myös kaupunkiajossa. Varustettu korkealaatuisella, integroidulla aurinkovisiirillä (99% UV-suoja, DIN EN1836). Kolme eri kuorikokoa, irrotettavat ja pestävät pehmusteet. Kiinnitys nopeasti avattavalla ja suljettavalla pikalukolla. Mukana huurtumista estävä Pinlock-kalvo. Valmius erityisesti Neotec 2:lle suunnitellulle SENA® SRL -kypäräpuhelinjärjestelmälle. Väri: musta",529.0,Shoei,
5174981002,Scott Lens MX Voltage MX/X/ProAir TML natural light black chrome spherical,https://tarvike.com/product/scott-lens-mx-voltage-mxxproair-tml-natural-light-black-chrome-spherical-204038,https://media.tarvike.com/product/placeholders/productImageComingSoong.jpg,56.7,Scott Lens MX Voltage MX/X/ProAir TML natural light black chrome spherical.,33.9,Scott,
4783050002,Leatt Rintapanssari 2.5,https://tarvike.com/product/leatt-rintapanssari-25-167269,https://media.tarvike.com/product/images/167269/original/204791.png,139.0,"Chest Protector 2.5 tarjoaa erinomaista suojaa rintaan ja selkään, mukaan lukien roost-suojaus. Se on valmistettu kevyen kovakuorisen materiaalin ja FlexMeshin yhdistelmästä. 3D-muotoilu takaa erinomaisen istuvuuden, ja tuuletusaukot varmistavat maksimaalisen ilmankierron. Lisää monipuolisuutta tuovat etu- ja takalevyjen irrotettavuus. BraceOn-järjestelmä mahdollistaa saumattoman yhteensopivuuden niskatuen kanssa.",111.0,Leatt,
4577791000,Grand Canyon Bikewear Nahkahousut Heroic,https://tarvike.com/product/grand-canyon-bikewear-nahkahousut-heroic-musta-52-22524,https://media.tarvike.com/product/images/22524/original/27637.jpg,252.1,"Nahkaiset touring housut Joustavaa nahkaa Normaali istuvuus malli Vetoketju ja nappikiinnitys Säädettävät olkaimet Lyhyt vetoketju Lantiosuojataskut Vahvistettu istuinalue EN1621-1:2012 polvisuojat Taso A hyväksytty Koot 50-58, isot koot 60-64",176.0,Grand Canyon,
35395066000,Scott Suojatakki Commander valkoinen,https://tarvike.com/product/scott-suojatakki-commander-valkoinen-206591,https://media.tarvike.com/product/images/206591/original/205975.png,292.5,Outlet -tuote,174.9,Scott,
23644819000,Leatt Suojapaita 5.5 Evo,https://tarvike.com/product/leatt-body-protector-55-evo-s-41216,https://media.tarvike.com/product/images/41216/original/204787.png,399.0,"Body Protector 5.5 EVO antaa varmuutta ylittää omat rajat säilyttäen samalla turvallisuuden ja mukavuuden. Tämä malli on 19 % kevyempi ja 50 % paremmin tuulettuva verrattuna vuoden 2023 malliin, tarjoten entistä paremman käyttömukavuuden ja hengittävyyden pitkillä ajomatkoilla.",319.0,Leatt,
23644789000,Leatt Niskatuki GPX 3.5 XXL,https://tarvike.com/product/leatt-niskatuki-gpx-35-xxl-167225,https://media.tarvike.com/product/images/167225/original/192378.jpg,292.5,"Leatt 3.5 -niskatuki tarjoaa erinomaisen suojan sekä uusille että kokeneille kuljettajille. Leattin niskatuet on todistetusti suunniteltu vähentämään niskaan kohdistuvia voimia ja niskavammoja. Solisluun kohdalla oleva muotoilu pitää kypärän reunan poissa herkistä luista, ja takatuki on suunniteltu murtumaan ennen kuin se kohdistaa liiallista painetta selkään.",233.99,Leatt,
23644777000,Leatt Rannetuki 5.5 Vasen/Oikea,https://tarvike.com/product/leatt-rannetuki-55-vasenoikea-167280,https://media.tarvike.com/product/images/167280/original/195233.jpg,240.0,"Leatt 5.5 -ranneside on suunniteltu tarjoamaan varmuutta ja tukea ajon aikana. Mukana on kaksi vaihdettavaa joustotukea, jotka antavat mahdollisuuden enemmän tai vähemmän taaksepäin suuntautuvaan liikkeeseen. Kiinnitys tapahtuu ATOP-kaapelijärjestelmällä. Ranneside on joustava estämään lihaspumpun muodostumista, ja mukana tulee myös varapehmustesetti.",192.0,Leatt,
23644775000,Leatt Rintapanssari Liivi ReaFlex S/M,https://tarvike.com/product/leatt-rintapanssari-liivi-reaflex-sm-167272,https://media.tarvike.com/product/images/167272/original/195217.png,219.0,"ReaFlex-rintapanssari on kevyt iskusuoja, jossa on pehmustettu sivusuojaus. ReaFlex on reagoiva iskusuojageeli, joka vaimentaa iskuenergiaa osuman sattuessa ja on erinomaisen mukava käytössä joustavuutensa ansiosta.",175.0,Leatt,
16969972001,Grand Canyon Bikewear Tekstiilihousut Spirit,https://tarvike.com/product/grand-canyon-bikewear-tekstiilihousut-spirit-musta-4xl-22506,https://media.tarvike.com/product/images/22506/original/92957.jpg,181.2,"600DN polyesteria Humax® (10K/10K) veden-, tuulenpitävä ja hengittävä kalvo drop linerina YKK vetoketju Vedenpitävä vetoketju lahkeensuissa Irrotettava lämpövuori Erilaisia tuuletusvetoketjuja Säädettävät olkaimet Lyhyt yhdistysvetoketju Heijastavia elementtejä Vahvistettu polvista EN1621-1:2012 polvisuojat Taso A hyväksytty Koot S-4XL, isot koot 5XL-8XL",107.9,Grand Canyon,
16966931001,Leatt Takki Moto 4.5 HydraDri,https://tarvike.com/product/leatt-jacket-moto-45-hydradri-s-blk-19335,https://media.tarvike.com/product/images/19335/original/102685.jpg,359.0,"Leatt Moto 4.5 Endurotakki HydraDri täysin uusi takki vuodelle 2023! Takissa on Leattin oma kehittämä 3-kerroksinen vedenpitävä ja hengittävä kalvo, joka on liimattu takin sisäpuolelle. Kalvon vedenpitävyys ja hengittävyys on 20.000mm/20.000g/m², joten takkia voi käyttää huoletta vesisateella pitäen veden ja kosteuden loitolla. Tuuletusvetoketjut edessä ja takana 5 säilytystaskua YKK-vetoketjuilla, sekä säätö vyötäröllä, niskassa ja ranteissa. HydraDri EVO -kalvo 20.000mm/20.000g/m² Vahvistukset olkapäissä ja kyynärpäissä Laadukkaat vedenpitävät Japan YKK vetoketjut Takana heijastimet",287.01,Leatt,
16962618001,Shoei GT-AIR II Kypärät,https://tarvike.com/product/gt-air-ii-white-m-6300,https://media.tarvike.com/product/images/6300/original/143744.jpg,545.5,"Shoei GT-Air 2 on laadukas moottoripyöräkypärä, jonka kehittynyt aerodynamiikka ja melutasoja pienentävä teknologia tekevät siitä loistavan valinnan kaikkiin ajo-olosuhteisiin. GT-Air 2 voidaan integroida saumattomasti SENA® SRL2 -kypäräpuhelinjärjestelmän kanssa. Uusi visiirin ""Slighty open"" -asento mahdollistaa ajamisen visiiri raollaan, jolloin huurteen muodostuminen vähenee.",429.0,Shoei,
16958843001,Leatt Knee Guard 3DF 6.0,https://tarvike.com/product/leatt-knee-guard-3df-60-whiteblack-xxl-23648,https://media.tarvike.com/product/images/23648/original/102492.jpg,129.0,"Leatt 3DF 6.0 Polvisuojissa on pehemä iskuvaahto sekä esikaareva muotoilu, joka takaa erinomaisen istuvuuden koko päiväksi! 3DF hengittvä iskuvaahto kovakuorisella liukusäätimellä Sivutörmäyssuoja Esikaareva muotoilu takaa erinomaisen istuvuuden koko päiväksi Ensiluokkaista mukavuutta käyttämällä MoistureCool- ja AirMesh-kankaita Uusi liukumaton pohjenauha ja silikonipitoinen vuori Uusi hengittävä neopreeniholkki Silikonilla painetut ja säädettävät liukumattomat jalkahihnat CE-testattu ja sertifioitu iskusuojaksi: Polvi EN1621-1 Leatt®-suojauspisteet yhteensä 21 pistettä Paino: alkaen 530g (1,17lbs) pari",103.0,Leatt,
16957935001,Leatt Elbow Guard 3DF 6.0,https://tarvike.com/product/leatt-elbow-guard-3df-60-whiteblack-s-23644,https://media.tarvike.com/product/images/23644/original/102507.jpeg,109.0,"Pehmeä kyynärpääsuoja, jossa on yhdessä muovatut kovakuoriset liukusäätimet 3DF AirFit tuulettuva pehmeä iskuvaahto Valmiiksi kaareva 3D-muotoilu optimaalisen istuvuuden takaamiseksi Uusi liukumaton kyynärvarren X-hihna silikonivuorella MoistureCool ja AirMesh siirtävät kankaat Silikonilla painettu kangas Leatt®-suojauspisteet yhteensä 14 pistettä CE-testattu ja sertifioitu törmäyssuojaksi: Kyynärpää EN1621-1 Paino: alkaen 320g (0,71lbs) pari",76.0,Leatt,
16204146001,Leatt Ride Kit 3.5 Jr,https://tarvike.com/product/leatt-ride-kit-35-jr-leu140150cm-royal-19322,https://media.tarvike.com/product/images/19322/original/102690.jpg,100.2,Leatt Ride Kit 3.5 Junior sisältää ajopaidan ja -housut. Paita Materiaalina hengittävä 3D-verkkokangas. Klassinen istuvuus suojien kanssa tai ilman. Overlock-ommellut saumat lisäävät mukavuutta. Matala kaulus sopii käytettäväksi niskasuojan kanssa tai ilman. Housut Kestävä rakenne sekä lisävahvikkeet kriittisillä alueilla. Esikaarretut lahkeet sekä stretch-paneelit lisäävät istuvuutta. Monikerroksinen polven sisävahvike. Vahvistetut tikkaukset sekä laadukkaat YKK-vetoketjut. Verkkovuori.,79.99,Leatt,
16203919001,Scott Crossihousut 350 Race,https://tarvike.com/product/scott-crossihousut-350-race-mustaharmaa-30-27163,https://media.tarvike.com/product/images/27163/original/69955.jpg,140.7,Scott 350 Race crossihousut ovat ykkösvalinta. Housut ovat erittäin keveät sekä kestävät. Muotoiltu istuvuus Joustavat paneelit ja ilmastointikanavat Topatut polvet Koko: 30,69.0,Scott,
2742377002,Leatt Chest Protector 4.5 Pro,https://tarvike.com/product/leatt-chest-protector-45-pro-blackred-junior-147-159cm-23390,https://media.tarvike.com/product/images/23390/original/102485.jpg,199.0,"Kovakuorinen Chest Protector 4.5 Pro Junior on vuorattu 3DF AirFit -iskuvaahtomuovilla ja suojaa rintaa, selkää, olkapäitä ja kylkiä. CE-testattu ja -sertifioitu, se saa yhteensä 17 pistettä Leatt-suojausluokitusjärjestelmässä. 3D-monikerroksinen, monilevyinen nivelrakenne, joka osoittautuu mukavaksi ja hengittäväksi. Yhteensopiva Leatt-niskatuen kanssa tai ilman ja täyttää uudet FIM-määräykset. Seuraava askel suojatasolla on 5.5 Chest Protector Pro HD Junior 18 pisteellä.",159.0,Leatt,
16971596001,Grand Canyon Bikewear Ajofarkut Hornet Naisten,https://tarvike.com/product/grand-canyon-bikewear-ajofarkut-hornet-naisten-sininen-44-22400,https://media.tarvike.com/product/images/22400/original/92100.jpg,130.6,5-taskuiset moottoripyöräfarkut 95 % puuvillaa / 5 % elastaania Vahvistettu Dupont Kevlar® -kuidulla Slim fit -malli YKK vetoketju EN1621-1:2012 säädettävät polvi- ja lonkkasuojat Taso A hyväksytty,91.0,Grand Canyon,
37276322000,Shoei Neotec 3 Kypärät,https://tarvike.com/product/neotec3-grasp-tc-5-xxl-44856,https://media.tarvike.com/product/images/44856/original/203687.png,778.3,"Shoei Neotec-3 on erittäin laadukas avattava moottoripyöräkypärä. Hiljainen Neotec on erinomainen valinta pitkille pyöräreissuille, mutta se toimii loistavasti myös kaupunkiajossa. Varustettu korkealaatuisella, integroidulla QSV-3-aurinkovisiirillä. Kolme eri kuorikokoa, irrotettavat ja pestävät pehmusteet. Kiinnitys nopeasti avattavalla ja suljettavalla pikalukolla.",692.0,Shoei,
26482005001,Shoei VFX-WR 06 Kypärä,https://tarvike.com/product/shoei-vfx-wr-06-kypara-harmaa-l-7320,https://media.tarvike.com/product/images/7320/original/146499.jpg,699.0,"Shoei VFX-WR 06 on uudistunut Crossikypärä! Huippuluokan kuorirakennetekniikka mahdollistaa erittäin vakaan ja samalla kevyen kypärän. Ääriviivat kypärän etuosasta pään takaosaan takaavat kuoren vakauden, suojalasien hihnan täydellisen istuvuuden ja vertaansa vailla olevan ulkonäön..",629.0,Shoei,
